{"50th test loss": 3.3757317066192627, "_timestamp": 1712132797.2707744, "_runtime": 138.40090346336365, "_step": 7, "90th test loss": 125.30758666992188, "95th test loss": 266.1286926269531, "mean test loss": 46.46333694458008}