{"50th test loss": 1.2696781158447266, "_timestamp": 1712136669.3806741, "_runtime": 17.49902319908142, "_step": 5, "90th test loss": 3.239915609359741, "95th test loss": 5.407596111297607, "99th test loss": 12.150918960571289, "mean test loss": 1.965180516242981, "max test loss": 76.14815521240234}