{"50th test loss": 1.2847089767456055, "_timestamp": 1712136023.6952004, "_runtime": 5.085794448852539, "_step": 5, "90th test loss": 2.201704263687134, "95th test loss": 2.8586483001708984, "99th test loss": 4.975278854370117, "mean test loss": 1.5164016485214233, "max test loss": 8.043580055236816}