{"accidents 50th test loss": 1.269677996635437, "_timestamp": 1712137401.4381747, "_runtime": 396.25044870376587, "_step": 19, "airline 50th test loss": 1.1718254089355469, "baseball 50th test loss": 1.3671648502349854, "basketball 50th test loss": 1.2445403337478638, "carcinogenesis 50th test loss": 1.29286527633667, "consumer 50th test loss": 1.1021910905838013, "credit 50th test loss": 1.1409462690353394, "employee 50th test loss": 1.1566188335418701, "fhnk 50th test loss": 1.2319040298461914, "financial 50th test loss": 1.1177284717559814, "geneea 50th test loss": 1.256591796875, "genome 50th test loss": 1.149716854095459, "hepatitis 50th test loss": 1.1351869106292725, "imdb_full 50th test loss": 1.2844786643981934, "movielens 50th test loss": 1.1497021913528442, "seznam 50th test loss": 1.2409732341766357, "ssb 50th test loss": 1.1172231435775757, "tournament 50th test loss": 1.2183918952941895, "tpc_h 50th test loss": 1.1951775550842285, "walmart 50th test loss": 1.1309689283370972}