{"train_loss": 3.0035488605499268, "epoch": 199, "trainer/global_step": 17199, "_timestamp": 1710785126.0586195, "_runtime": 6748.388218402863, "_step": 593, "val_loss": 2.2630605697631836}