{"50th test loss": 77.65869903564453, "_timestamp": 1712131956.0501742, "_runtime": 668.9751172065735, "_step": 11, "90th test loss": 11227.8076171875, "95th test loss": 17919.431640625, "mean test loss": 28415.8046875}