{"50th test loss": 1.263074278831482, "_timestamp": 1712135824.1259835, "_runtime": 304.48535656929016, "_step": 9, "90th test loss": 1.804039478302002, "95th test loss": 2.1139254570007324, "mean test loss": 1.390903115272522, "99th test loss": 3.5111019611358643, "max test loss": 7.151386737823486}