{"50th test loss": 1.2844786643981934, "_timestamp": 1712133049.7323737, "_runtime": 33.43372082710266, "_step": 3, "90th test loss": 2.4860668182373047, "95th test loss": 4.290811061859131, "mean test loss": 1.9762024879455566}