{"50th test loss": 1.5371589660644531, "_timestamp": 1712136185.2644851, "_runtime": 3.879434108734131, "_step": 5, "90th test loss": 3.364043712615967, "95th test loss": 4.506610870361328, "99th test loss": 7.830190658569336, "mean test loss": 2.018704652786255, "max test loss": 8.985301971435547}